"","l","u","x1","x2"
"1",0,1.91607045417186,-0.082383924163878,1
"2",0.418667533085681,2.19150060671382,0.800398590043187,-1
"3",2.37299040600192,4.69843617756851,0.0908013517037034,1
"4",1.325540834805,Inf,-0.111200681887567,1
"5",0.673422676627524,1.58516893861815,0.195411201100796,-1
"6",0.2164788270602,Inf,-0.926074021030217,-1
"7",0.572141062584706,2.72949340636842,-0.254028194583952,-1
"8",0.612957579432987,2.87954238418024,0.0407614009454846,1
"9",0.975048138643615,2.5759886711603,-0.0310462480410933,1
"10",0.431442351546139,1.92379908228759,-0.191520697437227,1
"11",1.75157045770902,3.0397066968726,-0.598603248596191,1
"12",0.643228402477689,2.55470315983985,0.474511206150055,-1
"13",0.541382024530321,1.36309515684843,0.996143963187933,1
"14",0,2.13217808748595,-0.903278212528676,-1
"15",0,2.16592859476805,0.494282479397953,1
"16",0,0.577114592888393,-0.879635966382921,1
"17",1.36751784826629,Inf,-0.523188522085547,1
"18",0.266512953094207,2.49839177064132,0.338862607255578,-1
"19",0,2.20205898804124,-0.517285986803472,-1
"20",0.911618544487283,3.10381923278328,0.253733998164535,-1
"21",3.72053692990448,Inf,0.0949310981668532,1
"22",1.80749140912667,Inf,-0.749561326578259,1
"23",0.551622463972308,1.992294320371,-0.937440043315291,1
"24",0.463300879928283,1.39007442339789,0.0643892143853009,-1
"25",2.74983205017634,Inf,0.143561543896794,1
"26",0,1.93694035406224,0.188606156501919,-1
"27",1.30070190061815,2.59350104897749,-0.319131244905293,1
"28",0.545221714419313,2.69254444516264,-0.321920386515558,1
"29",1.58387119707186,Inf,0.0180120137520134,1
"30",0,2.44852446659934,-0.133636476937681,-1
"31",0.855871711974032,3.04539726406801,0.775455260183662,1
"32",1.14759500662331,2.138053328963,-0.997365724295378,1
"33",0,1.55142792034894,-0.171881856396794,1
"34",1.87895912735257,2.89534848241601,-0.337343663908541,1
"35",1.54939504980575,Inf,0.549589211121202,-1
"36",3.70245484402403,Inf,-0.967113811522722,1
"37",0.795109102618881,2.95176003419328,-0.177439063321799,-1
"38",0.669780091266148,2.8416626737453,-0.235457016620785,-1
"39",1.42770538164768,Inf,0.976772779133171,1
"40",1.12106554675847,3.60345644759946,-0.18240547273308,-1
"41",0.848854240612127,2.8909242991358,-0.901003511622548,1
"42",1.0337444714969,Inf,-0.222281701397151,1
"43",1.21546261303592,3.71022644161712,0.337259258143604,-1
"44",1.39806677936576,Inf,0.719745186623186,1
"45",1.49942606629338,Inf,-0.837166846729815,-1
"46",0.356849967502058,2.59225030604284,-0.802435576915741,-1
"47",0,1.53886725136545,0.127401242498308,-1
"48",0.542526330100372,Inf,-0.257298978976905,-1
"49",0.618497808463871,2.23815559758805,0.875204360578209,1
"50",0.468241930357181,2.73689730151091,0.96092478511855,-1
"51",2.03005918709096,Inf,0.416128200944513,1
"52",1.4777844917262,Inf,0.178293223958462,1
"53",0.856762104085647,Inf,0.414856115356088,-1
"54",0.406293789274059,1.97377325152047,-0.145193828735501,-1
"55",1.47207212983631,2.98163313127588,-0.634647749830037,1
"56",0,2.0062789216172,0.962562349624932,-1
"57",0,1.29052814969327,-0.042909502517432,-1
"58",0,1.15091191721149,0.118409650400281,-1
"59",0.350527596892789,Inf,0.660835785791278,1
"60",0,1.56059478176758,-0.704648704268038,-1
"61",0.187393483938649,1.54277563735377,0.574122773017734,1
"62",0.0492892181500793,1.7523706582142,0.691382574383169,-1
"63",1.19972494663671,2.41541676339693,-0.69690911564976,-1
"64",0,2.33563102781773,0.662367400247604,-1
"65",0,2.4662024033023,0.661335646640509,1
"66",0,1.90427044813987,0.205096770543605,1
"67",0.0249605171848089,1.77685066941194,0.765450078528374,1
"68",0.336074338993058,2.80862780637108,0.277706136461347,1
"69",0,1.31076231831685,0.769062174484134,1
"70",3.76922782103065,Inf,0.157196058426052,1
"71",0,2.278265026398,0.908221997786313,1
"72",1.54386698384769,Inf,-0.73353239428252,-1
"73",0.580031014396809,2.59535316901747,0.994491780176759,-1
"74",0,1.70276212389581,0.264002875424922,-1
"75",0.135541773051955,2.31336850381922,0.630164903588593,-1
"76",0,2.23249907256104,-0.819409484509379,1
"77",0.996054369607009,2.57924767094664,0.944882020354271,1
"78",1.68070212879684,4.00266174983699,-0.944858721457422,1
"79",2.38351995649282,4.35023149533663,-0.346433751285076,-1
"80",0.0738765625283122,1.5911526576383,0.473330691456795,1
"81",1.96644518757239,3.32114869379438,-0.612765778321773,1
"82",0,1.77284330537077,-0.94839750835672,-1
"83",1.04684966150671,3.0186540982686,0.170858016237617,1
"84",0,1.67150088876951,-0.12616116181016,1
"85",0,2.2745867271442,0.438905532006174,-1
"86",0,0.837418700102717,0.790895984508097,-1
"87",0,1.64243156497832,-0.761172342114151,-1
"88",2.89965570846107,Inf,-0.635943512432277,1
"89",1.17668320657685,Inf,-0.672511736862361,1
"90",0,1.86896799132228,0.47922729048878,-1
"91",1.72616723284591,2.88488010526635,0.731142212636769,1
"92",0.350725860917009,Inf,-0.50177887128666,-1
"93",0,2.00876535847783,0.699754119850695,1
"94",2.03815218294039,Inf,-0.978056188672781,1
"95",0,1.89377466158476,-0.952841757796705,-1
"96",0.269371246104129,2.41381387982983,0.437082410790026,-1
"97",1.14687172230333,Inf,0.802136671263725,1
"98",0,1.16105662658811,0.446952891070396,-1
"99",0.0200583483092487,1.02297210542019,-0.674871112219989,-1
"100",3.64799929317087,Inf,0.144321561791003,1
"101",1.00862620223779,3.19430300674867,0.0800462430343032,1
"102",0,1.62378487526439,0.469315310008824,1
"103",0,2.19751192140393,-0.323609461542219,-1
"104",0,1.83504016429652,0.154315741267055,-1
"105",1.01980735082179,3.37660412304103,0.217402604408562,1
"106",2.9275794676505,Inf,-0.429750919807702,1
"107",2.70070162892807,Inf,0.730473819654435,-1
"108",0,2.3849766846979,0.999977629166096,1
"109",1.14224230870605,Inf,-0.284812246914953,-1
"110",0.707679984043352,2.24339035397861,-0.382262371946126,1
"111",0.188118415535428,2.04255070595536,0.88360660104081,1
"112",0,1.61112722184043,0.655977199785411,1
"113",0,2.02408417593688,0.18332905555144,-1
"114",1.46354139433242,Inf,0.772219935897738,-1
"115",0,2.18499314622022,0.927744820713997,1
"116",3.31472512625623,Inf,-0.155342509970069,1
"117",0,2.28218130127061,0.562400675844401,1
"118",0.308466264395975,1.31304678798188,0.760719132144004,-1
"119",1.21640985191334,Inf,-0.158093796111643,-1
"120",1.88496628194116,Inf,0.829932906664908,1
"121",1.57947677245829,2.45157225581352,0.062228403519839,1
"122",0.623910521389917,1.52500726573635,0.228704294655472,-1
"123",0,2.47786006308161,0.408048206474632,1
"124",2.02264564344659,2.54933034186251,-0.323396225925535,-1
"125",1.37079694599379,Inf,-0.0765079446136951,1
"126",1.45048856560607,3.64485893631354,0.445562610402703,1
"127",0,1.76048963039648,0.94343887316063,-1
"128",0,1.71287443663459,-0.802117205224931,-1
"129",1.47409696190152,2.55257313256152,0.431154376361519,-1
"130",0,2.11920295259915,-0.830948541406542,1
"131",1.74653428723104,4.19892140082084,0.709820589516312,1
"132",1.49354965600651,2.22255877743009,0.19448654865846,1
"133",0,2.01735380280297,-0.363498285412788,-1
"134",1.44019964151084,Inf,-0.0494310576468706,-1
"135",2.0766690117307,4.15251766855363,0.533865595236421,1
"136",2.08292687544599,Inf,0.710007173474878,1
"137",0,2.09597781533375,-0.387506787199527,-1
"138",0.686646781396121,2.51141741406173,-0.234330674167722,-1
"139",0,2.12106696271803,0.0825484031811357,1
"140",2.03514986729715,2.66359699366149,-0.845323480665684,1
"141",0,2.14772384613752,0.998558246064931,1
"142",0.898402464808896,Inf,-0.771953145973384,-1
"143",0.874908867990598,2.7068107330706,-0.3822205318138,-1
"144",2.16446950857062,2.56623711844441,-0.45186253497377,-1
"145",0,2.28137887548655,0.106690300628543,-1
"146",1.93326806009281,Inf,0.850575574208051,1
"147",1.25432777625974,Inf,0.0904469196684659,1
"148",0.878417121712118,1.93560900108423,0.327954824548215,-1
"149",0,2.10140119539574,-0.337897435761988,1
"150",0.833453615778126,Inf,0.465778965968639,1
"151",0,2.32989044045098,-0.727183501701802,-1
"152",2.82989675994031,Inf,-0.892926194705069,1
"153",1.83445819187909,Inf,-0.525611117016524,1
"154",0,0.84118417755235,0.52517033694312,-1
"155",1.97635402262677,Inf,0.294378682971001,1
"156",0.903249488328584,Inf,-0.444185538683087,-1
"157",0,0.437165580806322,-0.57550273835659,-1
"158",0.119709444697946,2.35531681159046,-0.478876254055649,-1
"159",0,2.28834995126817,0.0270298244431615,-1
"160",3.27256640186533,Inf,0.616212610155344,1
"161",0,1.52137768396642,-0.465228751767427,1
"162",0,1.99202540155966,-0.360653425566852,-1
"163",0.877612998592667,Inf,-0.753393075894564,1
"164",0,2.30212029302493,-0.639307398814708,-1
"165",0,0.619467959622853,0.182787255849689,1
"166",1.89485044800676,3.0305441422388,-0.359467688482255,1
"167",1.35615948820487,3.54982095654123,-0.540532587096095,1
"168",0,0.764451406430453,-0.0786535851657391,-1
"169",0.743103449931368,1.73192472953815,-0.532798018772155,1
"170",0,2.31732317595743,0.388623687904328,-1
"171",0,0.952993876999244,-0.488682879600674,-1
"172",0.031831418746151,2.38707517506555,-0.619584247469902,-1
"173",1.79493406438269,Inf,-0.789776295423508,1
"174",1.07457927020732,Inf,0.724430131260306,1
"175",0.477553094970062,1.16995062271599,0.475835386663675,1
"176",2.14462376374286,Inf,-0.284810719545931,1
"177",0,1.22530287597328,-0.950947427656502,-1
"178",0,1.18872852239292,0.419261869043112,-1
"179",0,2.21531406859867,0.781567345838994,-1
"180",1.40448854654096,Inf,-0.177903990261257,1
"181",1.13222612359095,Inf,-0.710491467267275,-1
"182",1.24372970720287,3.08910719119012,0.12745823757723,-1
"183",0,2.32206340413541,0.222426032181829,1
"184",0.773958761128597,Inf,-0.455977363046259,-1
"185",0.915822473471053,1.56437771278434,-0.555570791941136,1
"186",0,0.822649726760574,-0.150041912216693,1
"187",0,1.34805864072405,-0.497214859351516,-1
"188",0,1.5334937965963,0.473516870755702,-1
"189",0,1.1654495249968,-0.848026055376977,1
"190",0.941382896271534,Inf,0.85219739889726,1
"191",0,1.68314175331034,0.0226250444538891,1
"192",1.8348977342248,Inf,-0.822089645080268,1
"193",1.25671732705086,2.93122776958626,0.407192870043218,-1
"194",1.30077535985038,Inf,0.842646911274642,1
"195",1.44630917231552,Inf,0.248743786010891,-1
"196",0,1.89428175217472,-0.861355653963983,-1
"197",1.89622942532878,Inf,0.0134930075146258,1
"198",1.37552331725601,3.47338481980842,0.116528949700296,1
"199",2.00900637195446,Inf,0.603515131864697,1
"200",0.766031452221796,1.95917966368143,0.571627693250775,-1
"201",0,1.21507483709138,-0.0340059907175601,1
"202",1.21931792236865,Inf,0.718885492067784,1
"203",1.88794095942285,2.43546682584565,0.0357044427655637,1
"204",0,2.07472295674961,0.540496094152331,1
"205",1.20595141779631,2.98139069636818,-0.423455756157637,-1
"206",0.671701661194675,1.35239837167319,-0.853281392715871,-1
"207",2.24094963865355,Inf,-0.194251077715307,1
"208",0,2.4330508382991,-0.573959491215646,1
"209",1.44812828744762,Inf,0.433838669210672,1
"210",0.748318437254056,3.06344247597735,-0.334813031367958,1
"211",2.19187574228272,3.8463170157047,-0.249599494505674,1
"212",0,2.06092077423818,0.561283410992473,1
"213",1.15298921475187,Inf,-0.200084315612912,1
"214",0,1.91449799225666,0.000388632528483868,-1
"215",0.11515156715177,1.21099633804988,-0.844336506910622,-1
"216",1.84718123578932,Inf,-0.437998574692756,1
"217",0.722861906397156,Inf,-0.596786914393306,-1
"218",0.380123506765813,Inf,0.827867902349681,1
"219",2.73854079889134,Inf,-0.777354758232832,1
"220",2.36443861678708,Inf,-0.279751564376056,1
"221",0,1.11284774728119,-0.605120017193258,-1
"222",0,2.29400142328814,0.264418348204345,1
"223",0,1.20601338392589,-0.715018426068127,-1
"224",2.48945878935046,Inf,-0.634400207549334,1
"225",1.53672506858129,Inf,0.138867939356714,-1
"226",0,1.34609533357434,0.201180354226381,-1
"227",1.61117999814451,Inf,0.764152956660837,1
"228",2.31822386616841,Inf,0.0352665791288018,1
"229",1.41240146127529,3.08568285370711,0.535942722577602,1
"230",0.437690024846233,2.55713422084227,-0.0569791398011148,1
"231",0,2.44569743575994,-0.724830652121454,1
"232",1.47290232707746,Inf,0.820144781377167,-1
"233",1.46532598766498,Inf,0.179906395729631,1
"234",0.6819131760858,Inf,-0.900789146311581,1
"235",0,2.20238832058385,-0.0732769859023392,-1
"236",0,1.66785468754824,-0.815317062661052,-1
"237",1.41100097331218,Inf,0.184070621151477,-1
"238",1.63838461099658,Inf,0.9213498509489,-1
"239",1.77575087582227,3.29071869200561,0.452042673714459,-1
"240",1.40289423987269,3.80904853460379,0.605402398388833,-1
"241",2.73120836704038,Inf,-0.729684518650174,1
"242",0,2.09192167036235,-0.572260654065758,-1
"243",0.180007654125802,2.31169263250194,-0.780870801769197,-1
"244",0.265627732733265,1.72220334236044,0.203035479877144,-1
"245",0.381591574987397,2.13972776429728,-0.21016843104735,1
"246",1.09353648265824,Inf,0.835149922873825,1
"247",1.48618720588274,Inf,-0.485842696856707,-1
"248",0,1.64288073254284,-0.583494319580495,1
"249",0,2.13653785118368,0.470914516597986,1
"250",2.03938889026176,Inf,-0.241412044502795,1
"251",0,1.91434561798815,0.805558460298926,1
"252",2.00307442108169,Inf,0.222807723097503,-1
"253",0,2.06391398678534,0.460036187432706,1
"254",3.03998574556317,Inf,0.192710257600993,1
"255",1.0505467170151,3.31427482538857,-0.233501616865396,-1
"256",0.538167816121131,2.2440266830381,0.202748117502779,-1
"257",2.67963683756534,Inf,-0.694153590127826,1
"258",1.57211006095167,Inf,-0.562327968422323,1
"259",0.939062190591358,Inf,0.00930038467049599,-1
"260",0,2.15165564964991,0.530848222319037,-1
"261",0.109901814139448,1.18934528261889,0.464033048599958,-1
"262",0.263304448453709,2.72047267702874,-0.14563394151628,-1
"263",0,0.853488747379743,-0.447063907515258,-1
"264",1.5520493168151,4.00989134272095,0.337046495173126,-1
"265",0,1.82635601726361,0.0654600444249809,1
"266",1.03096859413199,Inf,-0.708834186196327,1
"267",2.34605171892326,Inf,-0.506377118173987,1
"268",1.07283794670366,Inf,-0.135293372906744,-1
"269",1.14231925574131,1.46490474231541,0.865319162607193,-1
"270",2.10383681638632,Inf,-0.874244632199407,1
"271",0.173122487030923,1.12228655721992,0.991875326726586,-1
"272",0.882827237946913,1.81418308871798,-0.486153108067811,-1
"273",0.997175071388483,Inf,0.51078336359933,1
"274",0,2.17279713484459,0.375691566150635,-1
"275",0.557925940374844,Inf,0.344363560900092,-1
"276",0.905565858702175,2.71012144745328,0.746698933187872,1
"277",0,0.30959581839852,0.381244320422411,-1
"278",0.406464547850192,Inf,-0.00342594087123871,-1
"279",1.91651466069743,4.12588791630697,-0.75130060641095,-1
"280",0,2.07880789879709,0.299913062248379,-1
"281",0,2.4973011133261,0.234404940158129,-1
"282",1.29184338788036,3.67171867808793,-0.77863297611475,1
"283",2.15400806977414,3.58710456232075,-0.759427872020751,1
"284",0,1.49256679753307,0.7292690416798,-1
"285",1.14181889512111,Inf,0.535634173545986,1
"286",1.49594599322882,3.5426606843248,0.799760670866817,-1
"287",1.10260585381184,Inf,0.313935616519302,1
"288",2.01936240657233,Inf,-0.631281145848334,-1
"289",0.283221813151613,2.70529867149889,0.932907385285944,-1
"290",0.65787416882813,2.22438305791002,-0.317776673007756,-1
"291",0.153573721763678,1.77821778634097,-0.337247474584728,1
"292",0.250674519338645,1.51362641772721,0.218464360572398,-1
"293",0.718853957368992,1.25488665071316,-0.886447974015027,1
"294",1.41625785385258,1.68350218154956,-0.704677167814225,-1
"295",1.10101110651158,2.95154818508308,-0.914500777143985,-1
"296",0.0807627232279629,2.19702922331635,0.650567835196853,-1
"297",0.733343971078284,Inf,0.617557293735445,1
"298",0,2.33026230882388,-0.728121566120535,-1
"299",0,1.98152680881321,0.401194652542472,1
"300",0.569093889207579,1.49947712605353,0.509172394871712,-1
"301",1.60116410988849,4.06976935919374,0.755371196661144,1
"302",2.20110148424283,Inf,0.617178213316947,1
"303",0,1.69196658884175,-0.803727306891233,1
"304",0.0161713577108458,2.00481131614652,0.913007924798876,-1
"305",1.94847635051701,Inf,0.196774593088776,-1
"306",3.655179082416,Inf,-0.651595251634717,1
"307",0,1.45257530326489,-0.868961824569851,1
"308",0,1.38699950533919,-0.508841400966048,-1
"309",1.04150211962406,Inf,0.181927897967398,1
"310",0,2.40061230608262,0.199840067420155,-1
"311",1.74178372020833,3.88707684061956,0.287090942263603,1
"312",0.700050289742649,Inf,-0.879920323379338,-1
"313",0.843658556696028,3.26023421250284,0.503000325523317,1
"314",0,2.13294778775889,-0.195502057205886,1
"315",1.89455331768841,4.07365719322115,0.979208140168339,-1
"316",0.707880615373142,2.26097438426223,-0.590074110776186,1
"317",1.18678222293966,2.1083526610164,-0.515923692844808,-1
"318",2.17963378236163,Inf,-0.887686051428318,1
"319",3.9658023492666,Inf,-0.197446221485734,1
"320",1.44323839282151,3.09746593527962,-0.794531919527799,-1
"321",2.46930516324937,Inf,-0.840957073960453,1
"322",0.54571648768615,2.56608941301238,-0.202418516390026,-1
"323",1.045443158946,Inf,-0.221226077526808,1
"324",0.494571560411714,Inf,0.563356889877468,-1
"325",0.210280946921557,2.11597300192807,0.294408349320292,-1
"326",1.10793775587808,Inf,0.201531567145139,-1
"327",1.89530318893958,Inf,-0.223249755334109,1
"328",0,1.64087328012101,-0.119082078803331,-1
"329",0.692749763838947,Inf,-0.30617892742157,-1
"330",0,1.28284831822384,0.445194269996136,-1
"331",0.209431804250926,2.22065841022413,0.329380449838936,-1
"332",0.837797510903329,2.39297979394905,0.184738891199231,1
"333",0.344456693856046,Inf,0.98370666988194,1
"334",2.3119029722875,Inf,-0.650060769636184,1
"335",0.105829842505045,1.00684604607522,0.824650567024946,-1
"336",0.116163911879994,1.80358129611704,0.910653605591506,-1
"337",1.04987847851589,3.18310178758111,0.83371682651341,1
"338",3.17090579657815,Inf,-0.933761570136994,1
"339",0.763835359248333,Inf,-0.0926920305937529,1
"340",0,1.98146819835529,0.812687128316611,-1
"341",0,1.4898553135572,-0.331798243802041,-1
"342",0,2.2081537503982,0.682503031566739,-1
"343",0,2.29791462246794,-0.592824118211865,-1
"344",0.981705607264303,2.99436079338193,0.353282724041492,1
"345",1.40548847150058,3.87592080805916,-0.34162506647408,-1
"346",2.37732955138199,3.30508745042607,-0.253473720513284,1
"347",0.837920403573662,1.28586469916627,-0.204238129314035,-1
"348",0,2.48498205677606,-0.325405556242913,1
"349",1.26443384389859,3.04314847802743,0.0805348148569465,-1
"350",0,2.16056269651745,0.816137585788965,1
"351",0.799884090083651,3.26576710620429,-0.466907820198685,-1
"352",2.51621890638489,Inf,-0.0435118074528873,1
"353",0.134934477391653,Inf,0.628051865845919,-1
"354",1.64661208109464,Inf,0.190912676043808,1
"355",0.984385039191693,Inf,-0.382111330982298,1
"356",2.61698326037731,Inf,-0.801379318814725,1
"357",1.0942746931687,Inf,0.71501499414444,1
"358",0.478409570059739,Inf,0.753430626355112,1
"359",1.52329466247465,Inf,0.014619757886976,1
"360",2.42395470035262,Inf,-0.60244651325047,1
"361",2.25271768053062,Inf,0.334493956528604,1
"362",1.33357439597603,2.70875764486846,0.495637021027505,1
"363",1.49673138570506,2.95572146540508,-0.244312964845449,1
"364",0,1.78650540707167,-0.231633934192359,-1
"365",0.660544755519368,2.58464497455861,-0.298330041114241,-1
"366",1.27480226336047,2.18522098381072,-0.393705622758716,-1
"367",0.255222196574323,2.61712090519723,-0.654623624868691,-1
"368",1.94557749840897,4.05386442726012,0.221009383909404,-1
"369",1.98981374385767,Inf,-0.623510502278805,1
"370",2.3842657712521,Inf,-0.644933500792831,1
"371",2.3775082611246,2.82773998915218,0.995819532778114,1
"372",0,1.1221649806248,-0.068563022185117,-1
"373",0,2.4423101550201,0.0678788935765624,-1
"374",3.02720772509929,Inf,0.315701641142368,1
"375",2.46146783407312,Inf,-0.686937292572111,-1
"376",0,2.41818549635354,-0.140995096415281,-1
"377",1.80446356302127,2.8881671448471,0.993287823162973,1
"378",1.41870813327841,2.48598572681658,-0.143801435362548,1
"379",0.539066547644325,1.88890218036249,0.605427071452141,-1
"380",0.0708124798256904,1.31071798095945,0.417951041366905,1
"381",2.44440594455227,3.92899297585245,-0.740286899264902,1
"382",0.197196950321086,2.33149637002498,-0.684608621988446,1
"383",2.84934046212584,Inf,0.797576952259988,1
"384",0,1.80631374183577,-0.536678419914097,-1
"385",0,1.80547676282004,0.280250609386712,-1
"386",2.06655166752171,3.48601125006098,-0.084012359380722,1
"387",0,1.75674639292993,-0.584756527096033,1
"388",0,1.71675553021487,-0.356930846348405,1
"389",0.940307406126522,Inf,-0.904760200530291,1
"390",0,1.74354202230461,-0.463760013692081,-1
"391",1.27256310603116,3.37528412463143,0.527849871665239,1
"392",0,1.86481590848416,0.60296206921339,-1
"393",1.41162950370926,3.67968372651376,0.773956704419106,1
"394",0.735655861790292,Inf,0.231404419057071,-1
"395",1.51476223429199,3.2148900575703,-0.621234345715493,1
"396",0,1.96613274340052,-0.122923864983022,-1
"397",2.40395107131917,Inf,0.435650213155895,1
"398",0,1.03416211204603,0.249968131072819,-1
"399",0.828979638172314,Inf,-0.710622698068619,-1
"400",0,1.61000392807182,-0.194605361670256,-1
"401",1.72427120269276,Inf,-0.990268069785088,1
"402",0.808168035000563,Inf,-0.1143853305839,1
"403",0.972029212280177,Inf,0.103980506770313,1
"404",0,1.36435521009844,0.879769058898091,1
"405",2.32798080018256,Inf,0.195193788502365,-1
"406",1.54354583239183,Inf,0.29025018773973,-1
"407",2.85285370133352,Inf,-0.991450124420226,-1
"408",0,1.56137941987254,0.935190673451871,-1
"409",0,1.81984631461091,0.120982623659074,-1
"410",1.21367647487205,3.32276115426794,-0.939352524932474,1
"411",0.169352244702168,2.39290806057397,-0.23737322492525,1
"412",0,2.06228496797848,0.95604002662003,-1
"413",0,1.73968262097333,0.908828072715551,1
"414",1.07728743052576,2.12167875550222,-0.997949220705777,1
"415",1.53302870225161,Inf,0.968603600282222,1
"416",1.32210641168058,3.30424836254679,-0.419315366540104,-1
"417",3.1187816511374,Inf,-0.972336320672184,1
"418",0.734321977361105,Inf,-0.348140855785459,-1
"419",1.2539100862341,Inf,-0.593798588961363,1
"420",1.61497281398624,2.46518063475378,0.554339156020433,-1
"421",1.1497262888588,Inf,-0.518411670811474,-1
"422",0,2.44917429692578,-0.33025477733463,1
"423",1.11732671270147,Inf,-0.670923013240099,-1
"424",2.46326647466049,Inf,0.707816611975431,1
"425",0,2.09040052548517,-0.941439044196159,1
"426",2.23120621987619,Inf,-0.354057492688298,1
"427",0.818350344779901,2.38664173171856,0.62138572987169,-1
"428",0,2.14729577535763,-0.294301997404546,1
"429",0,2.43099811312277,0.142240644432604,1
"430",0,2.21771162992809,0.637986290734261,1
"431",0,1.40611409326084,-0.167131670285016,1
"432",2.82515340368263,Inf,-0.612789661623538,1
"433",0,2.15890494117048,0.0825603906996548,-1
"434",0,2.42892336391378,0.419473575428128,-1
"435",2.26699369726703,Inf,-0.86029918352142,-1
"436",0,1.57368567364756,0.904907717369497,-1
"437",0.505686497199349,2.96330681245308,0.487910822965205,1
"438",2.33623064064886,Inf,-0.777936996892095,1
"439",1.87532961776014,4.33942330302671,-0.184766115620732,1
"440",0,1.95499546010979,-0.903131999075413,-1
"441",0,1.22972480021417,0.710759252309799,-1
"442",0,2.24287491699215,0.0160922026261687,-1
"443",0.917537666973658,2.98235808615573,0.776895413175225,-1
"444",0,1.83128226897679,0.626679422333837,-1
"445",0,1.56393834971823,-0.837855197954923,-1
"446",2.16709890111815,4.57242342759855,0.523577638436109,1
"447",1.63739169482142,Inf,0.537741201464087,-1
"448",0,1.11244775005616,0.36222831485793,-1
"449",1.70427410339471,Inf,-0.644273234065622,1
"450",2.28796190873254,4.26670877553988,0.23229921516031,1
"451",0,2.20352584903594,0.616819795686752,-1
"452",0.548311927122995,1.62077190179843,-0.474587589502335,-1
"453",0,2.41672433854546,0.153619160875678,-1
"454",1.34262261271942,3.12765443581156,0.0369161958806217,-1
"455",2.43821731361095,Inf,-0.910797401797026,1
"456",0.34080772602465,1.40720919007435,-0.489047964569181,-1
"457",0,2.19644260534551,-0.97486958000809,1
"458",0.93431968416553,Inf,-0.0154075012542307,1
"459",1.91925158025697,2.72421532426961,0.193051798269153,1
"460",2.64887590892613,Inf,-0.875697484239936,-1
"461",0,1.31246351811569,-0.322725922334939,-1
"462",0,1.21574440505356,0.14608538383618,-1
"463",1.63646780478302,Inf,0.0524052660912275,1
"464",1.74808651616331,3.98851705249399,0.554194831755012,1
"465",0.936799143673852,2.94665487599559,0.843432799447328,1
"466",0,2.27990977524314,0.99987516226247,-1
"467",3.92383751575835,Inf,-0.422538710292429,-1
"468",0.713719679624774,2.25376191257965,-0.567080278880894,-1
"469",0,2.06493364705238,-0.488133874256164,1
"470",0,2.25286721659359,-0.288836180232465,-1
"471",1.08063953986857,Inf,0.594013105612248,1
"472",0,2.08385591453407,0.0345423403196037,-1
"473",0,2.33873391873203,-0.0940131088718772,1
"474",1.1577381065581,3.31102178432047,0.877714397385716,1
"475",1.26650504535064,3.46014047972858,-0.620208737440407,-1
"476",0,1.32855653879233,0.207670126110315,-1
"477",1.63788771431427,Inf,-0.542660420294851,1
"478",0.873365469742566,3.18296880228445,-0.810159369371831,-1
"479",0.00240829132962972,1.61252278601751,-0.0779886920936406,-1
"480",1.81621778872795,3.95572176843416,-0.919876710977405,1
"481",0.76493262196891,1.90974564291537,0.699384393170476,-1
"482",1.02824302157387,Inf,0.931629868689924,1
"483",1.50703792693093,2.84272348333616,-0.308434131555259,-1
"484",0,1.79628310084809,0.58293412765488,1
"485",0,1.54845345474314,0.130435940343887,1
"486",0.853725845809095,2.63150732789654,-0.716539740096778,1
"487",0,1.98746670503169,0.275045211892575,1
"488",0.860167167265899,Inf,-0.0452032866887748,-1
"489",1.11236190190539,Inf,-0.490790769923478,-1
"490",0,0.857330706203356,-0.25017324090004,-1
"491",0,2.42389407882001,0.8641810961999,1
"492",0.830054244142957,Inf,0.310026663355529,1
"493",0,1.3658293208573,0.692755226045847,1
"494",2.26362308487296,Inf,-0.734626983758062,1
"495",0,2.2868529293919,0.32838474586606,-1
"496",0,2.44380376418121,0.116107171401381,1
"497",1.74123833014164,Inf,0.769089803099632,1
"498",2.38319278287236,Inf,0.717801277525723,-1
"499",0,1.86390805465635,0.951993117574602,1
"500",0.615506702451967,2.76618565956596,-0.597793071530759,-1
"501",0,2.22039224056061,0.553724663332105,-1
"502",1.19444702344481,3.44966848206241,-0.543687338940799,-1
"503",0,2.41410983202513,0.233473087195307,-1
"504",1.33172806061339,3.6744869267568,-0.210574259515852,-1
"505",0,2.32348895107862,0.844544272869825,-1
"506",0,2.28906647767872,-0.630064077209681,-1
"507",0.165144430939108,2.6471438043518,-0.355278351344168,-1
"508",0,2.19601224467624,0.684753966517746,1
"509",0.893780521000735,Inf,-0.099526678211987,1
"510",1.24154675984755,Inf,-0.290186618454754,1
"511",0.933539720135741,Inf,-0.0400682711042464,-1
"512",1.84894899546634,Inf,-0.270608042832464,-1
"513",2.13218380697072,4.27316227112897,0.345097451936454,1
"514",0.293546078610234,2.57065491692629,-0.699981197249144,1
"515",0,2.25944064790383,0.478316331747919,1
"516",1.15278596291319,2.43955365032889,0.00776790315285325,1
"517",1.02801161410753,Inf,0.819853101857007,1
"518",0.294755910290405,2.33221025322564,0.053613574244082,1
"519",0.239612825680524,1.16156713047531,-0.289297395385802,-1
"520",1.70907169056591,3.31820781051647,-0.5632637697272,-1
"521",0,1.94128470495343,-0.0283669144846499,1
"522",0.397415802581236,0.968392462818883,0.31622746726498,-1
"523",0,2.34088909579441,0.115785398054868,1
"524",0,2.24239160364959,0.83813324989751,-1
"525",0,1.4279486075975,-0.451706788968295,1
"526",0.708529705298133,2.27942551253363,-0.218398578464985,1
"527",0.408369856886566,2.64216910873074,0.595551426522434,-1
"528",0,2.48173191037495,-0.891282743308693,-1
"529",1.53067905339412,2.48729533050209,-0.319424801040441,1
"530",0,1.61373951297719,0.0797231164760888,1
"531",4.01714462845121,Inf,-0.455641113221645,1
"532",1.41069273056928,Inf,-0.724190349224955,1
"533",0.801509717712179,2.9332331585465,0.463266100734472,1
"534",0,2.31116515526082,-0.867124956101179,1
"535",0,1.96036110341083,0.939758772030473,-1
"536",0.621130912331864,2.80826297763269,0.358839745633304,-1
"537",2.34444742964115,4.44739805359859,-0.233372655231506,1
"538",0,2.3479867214337,-0.75724385632202,-1
"539",0.714708380983211,Inf,0.638930446468294,-1
"540",1.25529425858986,3.39832215104252,-0.301572182681412,-1
"541",1.52838553185575,3.84716934233438,-0.950669324025512,-1
"542",0.481179758207873,1.70376198133454,0.268341809511185,1
"543",0,1.21767252217978,-0.983787160366774,-1
"544",1.0834682744462,Inf,0.778009312227368,1
"545",0,1.46173753892072,-0.329287710599601,-1
"546",0,2.13662952708546,-0.751441950909793,1
"547",0,2.0348287950037,-0.291338952258229,-1
"548",0,2.10362773796078,0.853026571217924,1
"549",1.4024474733742,Inf,0.0884433942846954,1
"550",0,2.42892151873093,0.91824772534892,1
"551",0,1.55413085536566,0.171031969599426,-1
"552",0,1.97179035283625,-0.775733975227922,-1
"553",1.31392065028194,3.4760314412415,0.65242508938536,-1
"554",1.38393239409197,Inf,0.110559658147395,1
"555",0,1.99823414674029,0.50392499146983,1
"556",2.18291872995906,Inf,-0.924813986755908,1
"557",1.89427825796884,2.66172321513295,-0.822504785377532,-1
"558",1.14609919139184,2.98410566465463,0.660852055530995,1
"559",0,1.67429628490936,0.294460277538747,-1
"560",1.26825702202041,Inf,0.244921966921538,-1
"561",0,0.82798341405578,-0.63544823974371,1
"562",1.19608376990072,1.68198906525504,-0.431929267011583,-1
"563",0.883591577876359,2.05118099460378,-0.0116228996776044,-1
"564",1.10428468557075,3.50996522116475,0.0771012110635638,1
"565",1.98191201663576,Inf,-0.166815060656518,1
"566",2.18485528195743,3.47821924951859,0.780407906509936,1
"567",0.283351676189341,Inf,0.721974643878639,1
"568",2.36919923045207,Inf,-0.374757400713861,1
"569",0.642697153380141,3.11473036068492,-0.0527662872336805,-1
"570",0,1.58753061725292,0.0709955617785454,1
"571",0,2.29026932269335,0.00709301233291626,1
"572",1.58706319401972,Inf,-0.440431609749794,-1
"573",0.840368853532709,Inf,-0.21807625843212,1
"574",2.46909517678432,3.57973312376998,0.198507021181285,1
"575",1.26615641987883,Inf,-0.186146784108132,-1
"576",0,2.28451334522106,-0.337034018710256,-1
"577",0,1.52397871599533,0.382938480935991,1
"578",0.692125982022844,2.66916343593039,-0.594392222352326,1
"579",0.480553327361122,2.11505994317122,-0.618356766644865,-1
"580",0,2.42797352664638,0.590195034630597,-1
"581",0,2.43702859443147,-0.547795859631151,1
"582",0.995888306060806,Inf,-0.903959345538169,1
"583",1.14481258147862,Inf,0.606766887940466,-1
"584",1.81434209865984,Inf,0.28906533587724,1
"585",0,1.62437288614456,0.578073999844491,-1
"586",2.16834099031985,3.99705109361093,-0.172036177944392,1
"587",1.1742292996496,Inf,-0.128796963021159,1
"588",2.19737803388853,2.79800433840137,0.609717435203493,1
"589",1.835506487987,Inf,-0.925768856424838,1
"590",2.79916316911113,Inf,0.846808434464037,1
"591",2.34838931588456,4.64366589847486,0.35710578924045,1
"592",0,2.1198031672975,0.407854962628335,1
"593",0,2.14210398145951,-0.329303564038128,-1
"594",0.808214338030666,Inf,0.22848781850189,-1
"595",0,2.09607525903266,0.832501581870019,-1
"596",1.96352282480802,Inf,-0.487262114882469,1
"597",2.14938182849437,4.06038919230923,-0.396808520890772,-1
"598",0,2.40781702043023,-0.979961201548576,-1
"599",2.10585648252163,Inf,-0.280050617642701,1
"600",1.15955562621821,1.77324577176478,-0.615591337438673,-1
"601",2.01811320963316,Inf,0.623268565163016,1
"602",0.772145313676447,2.853702113498,-0.591169002000242,-1
"603",1.63525184150785,Inf,-0.82978497305885,1
"604",0.458429848076776,2.40360698080622,-0.900417739525437,-1
"605",0.577428692486137,Inf,0.0777868870645761,1
"606",0,2.31560903135687,0.519620271865278,-1
"607",1.10568217409309,3.15997535712086,0.827003219630569,-1
"608",2.9805619479157,Inf,-0.678798194043338,1
"609",1.76859554543626,3.19081392895896,-0.570633076131344,1
"610",0,2.30028509278782,0.239098306745291,1
"611",2.52329422335606,Inf,-0.659867205191404,1
"612",0.944162914529443,Inf,0.164767837617546,1
"613",1.01149020949379,Inf,-0.353908725548536,-1
"614",0,1.24649756646249,-0.715207204222679,1
"615",0,1.83881415694486,-0.875686490442604,-1
"616",4.67039920098614,Inf,-0.852929432876408,1
"617",1.23564722714946,3.70914298342541,0.999499269761145,1
"618",0.464374323491938,2.11628109740559,-0.914717960637063,-1
"619",0.321504635503516,Inf,0.42749048396945,-1
"620",1.48551284451969,3.66954107885249,0.654093837365508,1
"621",2.90543669718318,Inf,0.197476665955037,1
"622",1.43724033550825,1.62004223908298,-0.772955856751651,-1
"623",1.07845938007813,Inf,-0.873942343052477,1
"624",0.65867678669747,Inf,-0.788591947872192,-1
"625",0,0.522129635210149,0.789031616877764,-1
"626",1.29037619277369,Inf,-0.876249855384231,-1
"627",0,2.07153557043057,-0.135580783244222,-1
"628",0,1.9098582433071,-0.462405864614993,1
"629",2.33833764446899,4.58199939341284,0.431602774653584,1
"630",1.46217330126092,2.30379339191131,-0.849278648383915,-1
"631",0.522480803192593,2.46221322799101,0.413718229625374,-1
"632",2.45923681824934,4.86143497866578,0.684225011151284,1
"633",2.64936446619686,Inf,-0.88641408784315,1
"634",1.73928927571978,Inf,-0.424668574240059,1
"635",2.40417931519914,Inf,0.0445391391403973,1
"636",2.40083598182537,Inf,-0.651289661880583,1
"637",0,2.09965286718216,-0.390632129274309,-1
"638",0,2.1035175723955,0.17856661695987,-1
"639",0.434309713309631,0.679144784226082,-0.558953946921974,1
"640",1.15104963770136,2.92667689209338,-0.216951694339514,-1
"641",0,1.11581171804573,-0.59360607014969,-1
"642",0.831284063169733,2.56443148711696,0.410837122704834,1
"643",0.897389839519747,1.29532259539701,-0.92048935778439,1
"644",0,1.72430730774067,0.262695242185146,-1
"645",0.762665875954553,Inf,0.324291023425758,1
"646",0,2.13086483243387,0.589241563808173,-1
"647",0,2.15011237829458,-0.342132635880262,-1
"648",1.14907083800063,Inf,0.50475638685748,-1
"649",0.518388940254226,Inf,-0.943580835592002,1
"650",0.784423836157657,2.57876277668402,0.181926147080958,1
"651",1.52128825779073,3.60134989547078,-0.48961445922032,1
"652",0,2.43020818801597,-0.421679270919412,1
"653",0,1.84636981983203,0.736195885110646,-1
"654",2.10488309327047,Inf,0.0495412056334317,1
"655",0.695275564794429,2.31755966844503,0.205989731475711,-1
"656",0.943721433868632,Inf,-0.775671820156276,1
"657",2.14442390133627,Inf,0.638525593094528,-1
"658",1.47399379056878,Inf,0.421608241740614,1
"659",2.67113031004556,Inf,-0.502261714544147,1
"660",0,2.22979651589412,-0.497990222647786,1
"661",1.17815501987934,Inf,0.0697510167956352,1
"662",1.82386665255763,3.81011922436301,-0.174654523376375,1
"663",1.05558154638857,2.92223122203723,-0.731868823990226,-1
"664",0,2.46864602784626,0.670939332339913,-1
"665",1.7359862284502,Inf,0.261081634555012,1
"666",1.17858624202199,3.66994615935255,-0.419389456510544,1
"667",0,2.1627683081897,-0.41406212002039,-1
"668",1.65281349327415,Inf,-0.950135468039662,1
"669",2.25982773932628,Inf,0.855051435995847,1
"670",1.40747964091133,Inf,0.700844484381378,1
"671",1.98383919487242,4.22373941575643,-0.228199599310756,1
"672",3.29294451104943,Inf,-0.281533056404442,1
"673",1.5556289855158,3.91389068041462,-0.207312740385532,1
"674",0.207393023301847,Inf,-0.358858752995729,-1
"675",0,2.44025512365624,-0.262647159397602,-1
"676",0,2.49069738201797,0.00282583385705948,-1
"677",0.447163484641351,Inf,0.00137475039809942,-1
"678",0.243451981805265,Inf,0.894513385836035,1
"679",1.96262611076236,4.27951174380723,-0.72072753123939,1
"680",0,2.47592629864812,-0.504744169302285,1
"681",1.73882084141951,4.03469762124587,-0.567660099361092,1
"682",3.0966201791307,Inf,-0.177903592586517,1
"683",1.94238453172147,3.45859668275807,0.160323680378497,1
"684",1.00682540098205,3.49047677766066,-0.483584715984762,1
"685",1.43235070921946,Inf,-0.172149865888059,1
"686",2.89540573372506,Inf,-0.9302215478383,1
"687",2.07245431665797,Inf,-0.915849181823432,1
"688",0.202108753146604,2.17792787356302,-0.585733416955918,1
"689",0,2.05656322534196,-0.268901832401752,-1
"690",1.08808781544212,1.61013495991938,0.257753909565508,-1
"691",1.86425723833963,Inf,0.125656127929688,-1
"692",0,2.03811164014041,0.556897345464677,-1
"693",1.7071675718762,2.69932443683501,0.728277975693345,-1
"694",1.98586146289017,Inf,-0.93766951514408,1
"695",0,1.70829066482838,0.0423254338093102,-1
"696",0.133719948353246,2.17647555924486,-0.142514002975076,1
"697",0.486213093390688,Inf,0.729676180519164,-1
"698",2.47390759177506,Inf,-0.829654086846858,-1
"699",0,1.27076067845337,-0.145142879337072,-1
"700",0,2.40078280097805,-0.17872864054516,-1
"701",1.04528665309772,Inf,-0.39496533293277,-1
"702",0.959196318872273,2.60167407337576,0.759499200154096,1
"703",0.998911217902787,2.8037312842207,-0.754186130128801,-1
"704",1.37279604095966,Inf,-0.600454222876579,1
"705",0.535884187556803,Inf,-0.640592171810567,-1
"706",2.58305011433549,Inf,0.696452696807683,1
"707",0,1.09499690763187,0.698770358692855,1
"708",0,2.25597135606222,0.0263508022762835,-1
"709",0.421972908079624,2.39566709962673,0.318200820125639,1
"710",0.771652462426573,Inf,-0.384986530058086,1
"711",1.7204747593496,Inf,-0.812676670029759,1
"712",0.290582870366052,1.77120667940471,0.495311877224594,-1
"713",1.22530981549062,2.96585894131567,0.250640696380287,-1
"714",0,2.33344735461287,0.997844559140503,1
"715",0.394133399822749,1.27184911863878,-0.103789106942713,1
"716",0,1.88569538353477,0.922660250216722,-1
"717",0,1.94811786350328,0.230099915992469,-1
"718",2.30888513964601,2.75094877404626,-0.384900959208608,-1
"719",0,2.10140418610536,-0.873807973228395,1
"720",1.70117237255909,1.95690776687115,0.375297330785543,1
"721",0,1.10820715024602,-0.0358148850500584,-1
"722",0,1.94777612166945,0.556721913162619,-1
"723",3.28095937496983,Inf,-0.69661471247673,1
"724",1.12795869179536,2.17969103367068,0.5652194484137,1
"725",0.712416450260207,2.280998948263,-0.331390108447522,-1
"726",0,2.37544514762703,0.734836336225271,1
"727",0.694498340017162,1.87851058959495,0.920589976012707,-1
"728",1.54854077845812,Inf,-0.973721337970346,1
"729",0,1.82113132730592,0.160248529631644,-1
"730",0,1.64545186329633,-0.618443130515516,1
"731",0,2.20730537897907,0.2170973084867,-1
"732",0.620944546535611,Inf,0.0433680559508502,1
"733",2.707606672775,Inf,-0.862403893843293,1
"734",1.57176777836867,2.71831162914168,0.512494709808379,-1
"735",0.680868119816296,1.48522512696218,-0.585447783116251,-1
"736",0.190959286410362,Inf,-0.961217139847577,1
"737",1.01091268530581,2.02055108791683,-0.333955150097609,1
"738",0.308002686942928,1.22110421361867,0.583041181787848,-1
"739",0,2.39023315312807,0.141542902216315,1
"740",0.0593049154849723,0.866988443303853,0.484257796313614,1
"741",0.0559871934819967,1.59705276484601,0.189013638999313,-1
"742",0,1.63999067735858,-0.776726320385933,-1
"743",1.10338355065323,1.48317475977819,0.221873334143311,1
"744",0,1.42192555649672,0.998458763584495,1
"745",2.19730578828603,4.69563723076135,-0.286153247114271,1
"746",0,2.28472280257847,0.045889250934124,-1
"747",0,1.88924489251804,-0.618396465666592,-1
"748",0,1.11147591553163,0.116900098510087,1
"749",1.22493287024554,1.93224847840611,-0.990760689601302,-1
"750",0.599747974192724,2.65591431700159,-0.916969755664468,1
"751",2.97540283412673,Inf,-0.678422819823027,-1
"752",0.979747628443874,2.01030332711525,0.906358623411506,1
"753",0.960862545762211,2.31711867963895,-0.835441474337131,-1
"754",0,1.33378389000427,0.301592001225799,1
"755",0,2.31568872579373,-0.156788366381079,1
"756",1.74486338626593,4.06869747152086,0.846064930781722,1
"757",2.57133048377,Inf,0.102559640072286,1
"758",0.138566086534411,Inf,0.380595478229225,-1
"759",0,2.01506323413923,-0.0447674728929996,1
"760",1.14533486426808,2.4560143094277,-0.225722304079682,1
"761",1.24540843535215,3.73142297903541,-0.851141362916678,-1
"762",0,0.858721014810726,-0.438699177466333,-1
"763",1.33346761926077,3.38688742776867,0.260024576447904,1
"764",0.795702340546995,Inf,-0.214957835618407,-1
"765",0.886796209379099,Inf,0.947392112575471,-1
"766",0.965337759698741,Inf,0.324733450543135,1
"767",0,1.85464142821729,0.319185215514153,-1
"768",2.80081703385804,Inf,-0.978470663074404,1
"769",0,1.60093070939183,-0.0214800406247377,1
"770",0,1.80927921028342,-0.438350819982588,-1
"771",0,0.162287661805749,0.381861774716526,-1
"772",1.26825525483582,2.54093786526937,0.17268028203398,-1
"773",0.578304527443834,1.32019158918411,0.951562632806599,-1
"774",0.78441500372719,2.95108905003872,-0.651081474963576,1
"775",0,1.99845233815722,0.0434530731290579,-1
"776",0,1.94176963705104,-0.660976217593998,-1
"777",1.87546498142183,3.26402503531426,0.848285565618426,1
"778",1.55119922943413,2.11272683809511,-0.946246012113988,-1
"779",2.5561217853101,Inf,0.630958454683423,1
"780",0.51623887498863,1.63462120923214,-0.631508211605251,1
"781",0,2.20638375147246,0.676881844177842,-1
"782",1.02563075255603,2.89779109531082,-0.763570738956332,1
"783",2.09826152189635,2.10635274765082,0.494330864865333,-1
"784",0,2.10485070070717,0.174125743098557,-1
"785",2.05717502452899,Inf,-0.768960412126034,-1
"786",2.46046537999064,4.44801890815143,0.802798818796873,1
"787",0,2.38704678544309,-0.349163652863353,-1
"788",2.13830937456805,2.70080460177269,0.358423645608127,1
"789",0.813618791289628,1.04125648736954,-0.861870617605746,-1
"790",2.1320007299073,Inf,0.90026568993926,1
"791",0,2.32950974081177,0.550381897483021,-1
"792",0,1.95367821550462,0.718620015773922,-1
"793",0.894386132713407,Inf,-0.210789781529456,-1
"794",0,1.40799951681402,0.18414347525686,1
"795",2.23525036417414,3.61918498238083,0.0506700025871396,1
"796",0.600773893529549,Inf,-0.448871722444892,-1
"797",0.93081004859414,3.13496818533167,-0.624606895260513,-1
"798",1.67635650897864,Inf,0.975589615758508,1
"799",0.87784270523116,3.32027183729224,0.562881796620786,-1
"800",0,1.54075843223836,0.114343852736056,1
"801",0,1.59896117751487,-0.801706300582737,1
"802",0,0.702453280100599,0.825629854109138,-1
"803",0.98779266118072,2.21164728049189,0.338305430021137,-1
"804",2.49530686647631,Inf,0.447494083549827,-1
"805",2.09555332141463,Inf,-0.0435163546353579,-1
"806",0,1.58146524219774,-0.0132115795277059,1
"807",2.28567237907555,Inf,-0.146045258268714,1
"808",0.736481407075189,2.94685685075819,0.461312244646251,1
"809",2.26995232806075,3.60079844889697,0.895741774700582,1
"810",2.79490011220332,Inf,0.95143520180136,1
"811",1.34669259248767,Inf,-0.933015078306198,-1
"812",0.785068094846793,Inf,0.319789845496416,1
"813",1.47312629385851,3.28481829841621,0.356872734613717,1
"814",1.17811906035058,3.07681029080413,-0.355867983307689,-1
"815",0,1.93923155660741,0.622262675780803,-1
"816",2.45271166204475,4.88820635189768,0.61038284888491,1
"817",2.69209513906389,Inf,0.219785261433572,1
"818",0,1.57108004495967,0.147420326713473,1
"819",1.43632814812008,Inf,-0.832388307433575,-1
"820",2.95772835554089,Inf,0.827273280825466,1
"821",0,1.16171499714255,-0.751309507526457,-1
"822",0.211594082647935,1.89921153534669,-0.430709695909172,-1
"823",2.01847249933053,3.40692368161399,-0.610844874754548,-1
"824",0,1.71100148407277,-0.986760078929365,-1
"825",1.10306728165597,Inf,0.385745807550848,1
"826",2.40809458831791,Inf,-0.0296970345079899,1
"827",2.17652396066114,3.06610186700709,0.858514592982829,1
"828",0.591995730646886,2.57586984429508,-0.610750520136207,1
"829",0,1.90301915281452,0.666705978568643,-1
"830",1.55547663802281,Inf,0.404021436814219,1
"831",0,2.00098990346305,0.780495033599436,-1
"832",1.81728088180535,2.34691254445352,0.0697464412078261,-1
"833",0,2.18485010729637,0.959504560101777,1
"834",0,1.09999858832452,-0.847801579162478,1
"835",0.515741511480883,2.04943453369197,-0.102164501324296,-1
"836",1.41466079396196,Inf,-0.61888619326055,-1
"837",0,1.06580668885726,0.223989277146757,-1
"838",0.262223533936776,2.47629010817036,0.479740877170116,-1
"839",3.58172452019062,Inf,-0.208498721476644,1
"840",1.47029698477127,Inf,-0.697911403607577,1
"841",0,1.9135881960392,0.315724878571928,-1
"842",0.677366225863807,2.17314474633895,-0.589705793187022,-1
"843",2.72042854281608,Inf,-0.705305286217481,1
"844",0,0.776313880924135,-0.510812473017722,-1
"845",1.02290385053493,Inf,0.345361080951989,1
"846",2.35017423168756,Inf,-0.135233100969344,1
"847",0,1.55183025810402,0.18055821210146,1
"848",0.830008871271275,1.7297713184962,-0.596893216017634,1
"849",0,0.99335192120634,-0.594618915580213,-1
"850",1.11120929941535,Inf,-0.642060337588191,-1
"851",2.30875278939493,Inf,-0.964214988052845,1
"852",1.03455487231258,Inf,-0.677343228366226,1
"853",2.00201219355222,4.1276252141688,0.794474460650235,1
"854",1.97599001054186,Inf,-0.175059354864061,1
"855",0.227150303544477,2.67131748143584,0.910833357833326,-1
"856",0.272193375858478,Inf,0.51010604063049,-1
"857",0,0.927530761691742,-0.419674850068986,-1
"858",2.64564745011739,Inf,-0.354481692891568,1
"859",0,2.18937201891094,0.921026757452637,-1
"860",0.786522793350741,Inf,-0.88252201071009,1
"861",1.29119149816688,2.52887050854042,-0.477676755748689,-1
"862",0.591604505898431,Inf,-0.173590997699648,1
"863",1.2669711059425,Inf,0.490220013540238,1
"864",2.252954589203,Inf,-0.669834967236966,1
"865",0,2.01119393284898,0.171004215721041,-1
"866",2.34315410023555,4.46344338939525,0.834586401935667,1
"867",2.93165593757294,Inf,-0.69458199152723,1
"868",0,1.48995323746931,0.582617362961173,-1
"869",1.28451896482147,1.6875212645391,-0.339572947472334,-1
"870",0,2.282980409218,0.345235188491642,1
"871",1.60879724193364,2.8902057511732,-0.255777773912996,-1
"872",0,2.48196950997226,-0.0232775160111487,1
"873",0,2.19873341673519,-0.903710765298456,1
"874",1.14770367508754,2.51087453274522,-0.66805782681331,1
"875",2.04552659881301,3.25477131060325,-0.675757384859025,1
"876",0,2.1875674376497,-0.349938955157995,-1
"877",0,2.02924578159582,0.453394178766757,-1
"878",2.58745863102376,Inf,0.32883314229548,1
"879",0.246201124391519,Inf,-0.859173041768372,1
"880",0.592322227894329,1.77025665005203,-0.694595245178789,-1
"881",0,2.18366473505739,0.6224375939928,1
"882",1.57964967249427,4.01876562682446,-0.226659690029919,1
"883",0.519944441039115,2.5235161697492,0.741332927253097,1
"884",0.953792135114782,Inf,0.0287501411512494,1
"885",0.179327548248693,Inf,0.152908331248909,-1
"886",2.377449197229,Inf,-0.461943385191262,-1
"887",0,2.09612253063824,-0.0674070566892624,-1
"888",0.0726058229338378,1.70875787211116,0.738370889797807,-1
"889",1.3405513507314,2.45628120552283,0.191818200051785,-1
"890",0,1.93564710905775,0.720761220902205,-1
"891",2.40334983158391,Inf,0.531416605226696,1
"892",0,0.722260010661557,0.461778499186039,1
"893",1.1301579879364,3.23099790606648,0.727818624582142,-1
"894",0.907371095381677,3.18814548896626,-0.30532598728314,1
"895",1.64364436641335,Inf,0.581419424619526,1
"896",0.270232065231539,1.97542474197689,-0.762836213223636,-1
"897",2.32865674479399,4.2362790129846,0.346383451949805,1
"898",1.74589153320994,Inf,-0.461911889724433,-1
"899",0.65196298470255,Inf,0.453150433022529,1
"900",1.88009175821207,Inf,-0.941989602986723,1
"901",0.965140860062093,Inf,-0.0461691357195377,1
"902",0.486700757755898,1.68031561595853,-0.132632163353264,-1
"903",1.6718158085132,3.34813513036352,-0.707406066358089,-1
"904",1.10464131226763,3.21511298883706,0.118386466056108,-1
"905",0,1.72580067592207,0.964496875647455,1
"906",0,1.0008323052898,0.709970280528069,-1
"907",0,2.24886534153484,-0.371358134318143,-1
"908",0,1.17916629882529,0.831353475339711,-1
"909",0.219495933852158,2.16526209784206,0.181139099411666,-1
"910",1.68244963686448,Inf,0.333526869304478,-1
"911",0,1.81199209357146,0.213158685248345,-1
"912",2.35754435474519,Inf,-0.00584740238264203,1
"913",0,1.61043327185325,0.606731821317226,-1
"914",0.213616833207197,2.46846420748625,0.605379830114543,-1
"915",1.35787269158754,Inf,-0.390607063192874,-1
"916",1.9753218756523,2.894990806235,-0.684687504079193,1
"917",0,2.43656328122597,0.3228306081146,1
"918",0.135183450765908,1.91786168026738,0.583580466452986,-1
"919",0,2.22443478007335,-0.8646772922948,1
"920",0,2.48140258947387,0.929769287351519,1
"921",1.22164674161468,Inf,-0.998180607333779,-1
"922",2.06376072310377,3.45585153554566,0.777465964667499,1
"923",2.44810322066769,4.86393821192905,-0.46454598987475,1
"924",0,2.45247159618884,-0.464600982610136,-1
"925",0,2.22083119791932,0.151715985033661,1
"926",1.20685002126265,Inf,-0.266977744642645,-1
"927",1.5441984240897,2.85711090138648,-0.519160537514836,-1
"928",1.35054550832137,3.71544687601272,0.0401986092329025,-1
"929",1.91206395102199,4.01471073448192,-0.428304026834667,1
"930",0,0.873265237314627,-0.861157209612429,-1
"931",0,1.65272674290463,0.058935007546097,1
"932",0.198371600126848,2.47897981724236,-0.22852631798014,1
"933",1.34975950350054,2.51053367450368,-0.556358562316746,-1
"934",2.02979504247196,Inf,-0.867739305365831,-1
"935",2.14082105550915,2.60385500034317,0.859370639547706,1
"936",0,2.39343883120455,0.643761462531984,1
"937",0.835458914516494,1.95088912849315,-0.104215621482581,1
"938",0,1.75960360094905,-0.570697481743991,1
"939",1.51527843554504,Inf,-0.47929121972993,-1
"940",1.98648778314237,3.1563111912692,-0.0180847770534456,1
"941",0,1.5713289717678,0.489116850309074,-1
"942",1.84556716470979,Inf,0.156986074522138,-1
"943",0,0.905823668581434,0.103352575562894,-1
"944",2.43023639195599,Inf,-0.489849320147187,-1
"945",0,2.46936133073177,0.39662895957008,-1
"946",1.49454759608489,3.50369952851906,0.0791048789396882,1
"947",1.13491889671423,2.56536327768117,-0.778945604339242,1
"948",0,1.8774437502725,-0.039328487124294,-1
"949",3.24519252579194,Inf,-0.80582188302651,1
"950",1.15004862193018,2.9115421482129,-0.068743409588933,-1
"951",0,1.05898746172898,0.729020531289279,1
"952",2.13971638120711,Inf,-0.467317403294146,-1
"953",0,2.19199945393484,-0.83217905415222,-1
"954",0,2.24331389879808,-0.750270128250122,-1
"955",0.928526764619164,3.01833255507518,-0.0269005042500794,-1
"956",0,2.18449634092394,-0.159816836938262,-1
"957",0.690133461612277,1.46335483179428,0.782184769399464,-1
"958",0,1.13067694532219,0.365752176847309,-1
"959",0,2.20594305952545,-0.514687248039991,-1
"960",0.829094559885561,1.70655265159439,0.959005425684154,-1
"961",0,2.45639478147496,0.135408621747047,-1
"962",0.890087145962752,3.03593085729517,-0.968262678477913,1
"963",1.76144852361176,Inf,-0.476237346418202,1
"964",0.85327566775959,Inf,0.933858774136752,-1
"965",0,2.41064412519336,-0.695905842352659,-1
"966",0.319781173602678,2.75731826317497,0.198997177649289,-1
"967",0.898550046840683,Inf,-0.174115682486445,1
"968",1.95463379146531,4.14107451157179,0.32917481707409,-1
"969",3.27354182198178,Inf,0.917069172486663,1
"970",0.988046808051877,Inf,-0.188412601128221,-1
"971",0,2.11267899314407,0.4883644990623,-1
"972",0,0.869572323281318,-0.337371349334717,-1
"973",0,2.2868801036384,-0.359958187211305,-1
"974",0,1.80759360373486,0.885214382782578,-1
"975",0,0.703908944851719,0.859607299324125,1
"976",0.498390306020156,2.08611884270795,-0.338408601935953,-1
"977",1.26311931409873,3.24350937735289,0.512478013988584,1
"978",0,2.36906380625442,0.332396060694009,1
"979",0,2.17179766099434,-0.191464120522141,1
"980",1.48202874348499,3.80464122921694,0.459976968821138,-1
"981",1.19557189347688,2.93202368018683,-0.137654782738537,-1
"982",0,2.02897015027702,0.144980317447335,-1
"983",0.933555131196044,Inf,0.496199196204543,1
"984",2.09129225928336,Inf,-0.436070762574673,1
"985",0,1.57737511442974,-0.235459754243493,-1
"986",3.22434948699083,Inf,-0.687016537878662,1
"987",2.53381960850675,Inf,-0.577997117303312,-1
"988",0.126666731084697,2.10878010955639,-0.573094571009278,-1
"989",0.689384972210974,Inf,0.589012314099818,1
"990",0.64368809282314,Inf,-0.769133745227009,-1
"991",0,1.84245925513096,0.420726843178272,-1
"992",0,0.812257155193947,0.162559424992651,-1
"993",0,1.19226640963461,-0.713148125447333,-1
"994",2.13726416171994,Inf,0.0208590682595968,-1
"995",0,1.65244613483083,-0.715822221711278,-1
"996",0,1.35252431384288,-0.896229565609246,-1
"997",0,0.875723452772945,0.0485776467248797,-1
"998",0.670883595594205,Inf,-0.582765495404601,1
"999",0.980822399142198,1.2715830252273,0.224649879615754,1
"1000",0,1.6147669457132,0.931627201382071,-1
